[
    {
            "idscholar": "1",
            "scholarshipname": "pre matric scholarship for sc,st,bc & disabled welfare student",
            "img":"/img/andhrapradesh.jpeg",
            "caste": "all",
            "eligibility": "1 to 10",
            "state": "andhra pradesh",
            "govt": "govt",
            "link":"https://jnanabhumi.ap.gov.in/"
        },
        {
            "idscholar": "2",
            "scholarshipname": "pre matric scholarship for sc,st,bc & disabled welfare student",
            "img":"/img/andhrapradesh.jpeg",
            "caste": "all",
            "eligibility": "12th pass",
            "state": "andhra pradesh",
            "govt": "govt",
            "link":"https://jnanabhumi.ap.gov.in/"
        },
        {
            "idscholar": "3",
            "scholarshipname": "NTR Videshi Vidyadharana Scholarship Scheme for BC and EBC Students",
            "img":"/img/andhrapradesh.jpeg",
            "caste": "all",
            "eligibility": "toefl,ielt,gre,gmat",
            "state": "andhra pradesh",
            "govt": "govt",
            "link":"https://jnanabhumi.ap.gov.in/"
        },
        {
            "idscholar": "4",
            "scholarshipname": "Umbrella Scheme for Education of ST Students Pre-Matric Scholarship Arunachal Pradesh",
            "img":"/img/arunachal.png",
            "caste": "st",
            "eligibility": "9 and 10",
            "state": "arunachal pradesh",
            "govt": "govt",
            "link":"https://scholarships.gov.in/"

        },
        {
            "idscholar": "5",
            "scholarshipname": "Umbrella Scheme for Education of ST Children Post Matric Scholarship, Arunachal Pradesh",
            "img":"/img/arunachal.png",
            "caste": "st",
            "eligibility": "11 and 12",
            "state": "arunachal pradesh",
            "govt": "govt",
            "link":"https://scholarships.gov.in/"
        },
        {
            "idscholar": "6",
            "scholarshipname": "Scheme for Award of Stipend to ST Students, Arunachal Pradesh",
            "img":"/img/arunachal.png",
            "caste": "st",
            "eligibility": "12th pass",
            "state": "arunachal pradesh",
            "govt": "govt",
            "link":"https://scholarships.gov.in/"
        }, 
        {
            "idscholar": "7",
            "scholarshipname": "PRE-MATRIC SCHOLARSHIP FOR SC STUDENTS ",
            "img":"/img/assam.jpeg",
            "caste": "sc",
            "eligibility": "9 and 10",
            "state": "assam",
            "govt": "govt",
            "link":"https://directorateofhighereducation.assam.gov.in/portlets/scholarships"

        },
        {
            "idscholar": "8",
            "scholarshipname": "POST MATRIC SCHOLARSHIP FOR SC STUDENTS ",
            "img":"/img/assam.jpeg",
            "caste": "sc",
            "eligibility": "12th pass",
            "state": "assam",
            "govt": "govt",
            "link":"https://directorateofhighereducation.assam.gov.in/portlets/scholarships"
        },
        {
            "idscholar": "9",
            "scholarshipname": "PRE MATRIC SCHOLARSHIP TO OBC STUDENTS ",
            "img":"/img/assam.jpeg",
            "caste": "obc",
            "eligibility": "9 and 10",
            "state": "assam",
            "govt": "govt",
            "link":"https://directorateofhighereducation.assam.gov.in/portlets/scholarships"
        },
        {
            "idscholar": "10",
            "scholarshipname": "PRE MATRIC SCHOLARSHIP TO ST STUDENTS",
            "img":"/img/assam.jpeg",
            "caste": "st",
            "eligibility": "9 and 10",
            "state": "assam",
            "govt": "govt",
            "link":"https://directorateofhighereducation.assam.gov.in/portlets/scholarships"
        },
        {
            "idscholar": "11",
            "scholarshipname": "POST MATRIC SCHOLARSHIP TO OBC STUDENTS",
            "img":"/img/assam.jpeg",
            "caste": "obc ",
            "eligibility": "12th pass",
            "state": "assam",
            "govt": "govt",
            "link":"https://directorateofhighereducation.assam.gov.in/portlets/scholarships"
        },
        {
            "idscholar": "12",
            "scholarshipname": "POST MATRIC SCHOLARSHIP TO ST STUDENTS",
            "img":"/img/assam.jpeg",
            "caste": "st",
            "eligibility": "12th pass",
            "state": "assam",
            "govt": "govt",
            "link":"https://directorateofhighereducation.assam.gov.in/portlets/scholarships"
        },
        {
            "idscholar": "13",
            "scholarshipname": " Post Matric Scholarship for BC & EBC category and SC & ST",
            "img":"/img/bihar.jpg",
            "caste": "all",
            "eligibility": "12th pass",
            "state": "bihar",
            "govt": "govt",
            "link":"http://www.pmsonline.bih.nic.in/pmsedu/(S(vkzwrv0chcmzzn5o5dhy3gl1))/pms/Default.aspx"
        },
        {
            "idscholar": "14",
            "scholarshipname": "BPL SCHOLARSHIP SCHEME FOR COLLEGE STUDENTS-CHATTISGARH",
            "img":"/img/chattisgarh.jpeg",
            "caste": "all",
            "eligibility": "12th pass",
            "state": "chattisgarh",
            "govt": "govt",
            "link":"https://schoolscholarship.cg.nic.in/"
        },
        {
            "idscholar": "15",
            "scholarshipname": "Post Matric Scholarship Scheduled Caste",
            "img":"/img/chattisgarh.jpeg",
            "caste": "sc",
            "eligibility": "12th pass",
            "state": "chattisgarh",
            "govt": "govt",
            "link":"https://schoolscholarship.cg.nic.in/"
        },
        {
            "idscholar": "16",
            "scholarshipname": "Post Matric Scholarship Scheduled Tribe",
            "img":"/img/chattisgarh.jpeg",
            "caste": "st",
            "eligibility": "12th pass",
            "state": "chattisgarh",
            "govt": "govt",
            "link":"https://schoolscholarship.cg.nic.in/"
        },
        {
            "idscholar": "17",
            "scholarshipname": "Post Matric Scholarship Backward Class",
            "img":"/img/chattisgarh.jpeg",
            "caste": "obc",
            "eligibility": "12th pass",
            "state": "chattisgarh",
            "govt": "govt",
            "link":"https://schoolscholarship.cg.nic.in/"
        },
        {
            "idscholar": "18",
            "scholarshipname": "Pre Matric Scholarships Scheme For Minorities",
            "img":"/img/goa.jpeg",
            "caste": "minorities",
            "eligibility": "9 and 10",
            "state": "goa",
            "govt": "govt",
            "link":"http://www.tribalwelfare.goa.gov.in/schemes/28-scheme-of-post-matric-scholarships-to-students-belonging-to-scheduled-tribes"
        },
        {
            "idscholar": "19",
            "scholarshipname": "Post-Matric Scholarships Scheme For Minorities",
            "img":"/img/goa.jpeg",
            "caste": "minorities",
            "eligibility": "12th pass",
            "state": "goa",
            "govt": "govt",
            "link":"http://www.tribalwelfare.goa.gov.in/schemes/28-scheme-of-post-matric-scholarships-to-students-belonging-to-scheduled-tribes"
        },
        {
            "idscholar": "20",
            "scholarshipname": "Kishore Vaigyanik Protsahan Yojana (KVPY)",
            "img":"/img/goa.jpeg",
            "caste": "all",
            "eligibility": "12th pass",
            "state": "goa",
            "govt": "govt",
            "link":"http://www.tribalwelfare.goa.gov.in/schemes/28-scheme-of-post-matric-scholarships-to-students-belonging-to-scheduled-tribes"
        },
        {
            "idscholar": "21",
            "scholarshipname": "Mukhyamantri Yuva Swavalamban Yojana",
            "img":"/img/gujrat.jpeg",
            "caste": "all",
            "eligibility": "12th pass",
            "state": "gujrat",
            "govt": "govt",
            "link":"https://www.digitalgujarat.gov.in/LoginApp/Citizenlogin.aspx"
        },
        {
            "idscholar": "22",
            "scholarshipname": "Scholarships to the Disabled Students",
            "img":"/img/gujrat.jpeg",
            "caste": "all",
            "eligibility": "1 to 12",
            "state": "gujrat",
            "govt": "govt",
            "link":"https://www.digitalgujarat.gov.in/LoginApp/Citizenlogin.aspx"
        },
        {
            "idscholar": "23",
            "scholarshipname": "Food Bill Assistance to SC Students,",
            "img":"/img/gujrat.jpeg",
            "caste": "sc",
            "eligibility": "12th pass",
            "state": "gujrat",
            "govt": "govt",
            "link":"https://www.digitalgujarat.gov.in/LoginApp/Citizenlogin.aspx"
        },
        {
            "idscholar": "24",
            "scholarshipname": "Higher Secondary Scholarship (Minority)",
            "img":"/img/gujrat.jpeg",
            "caste": "minorities",
            "eligibility": "11 and 12",
            "state": "gujrat",
            "govt": "govt",
            "link":"https://www.digitalgujarat.gov.in/LoginApp/Citizenlogin.aspx"
        },
        {
            "idscholar": "25",
            "scholarshipname": "Higher Education Scheme",
            "img":"/img/gujrat.jpeg",
            "caste": "all",
            "eligibility": "12th pass",
            "state": "gujrat",
            "govt": "govt",
            "link":"https://www.digitalgujarat.gov.in/LoginApp/Citizenlogin.aspx"
        },
        {
            "idscholar": "26",
            "scholarshipname": "Post Matric Scholarship - SC",
            "img":"/img/haryana.png",
            "caste": "sc",
            "eligibility": "12th pass",
            "state": "haryana",
            "govt": "govt",
            "link":"https://harchhatravratti.highereduhry.ac.in/"
        },
        {
            "idscholar": "27",
            "scholarshipname": "Post Matric Scholarship - bc",
            "img":"/img/haryana.png",
            "caste": "obc",
            "eligibility": "12th pass",
            "state": "haryana",
            "govt": "govt",
            "link":"https://harchhatravratti.highereduhry.ac.in/"        },
        {
            "idscholar": "28",
            "scholarshipname": "Consolidated Stipend Scheme For SC",
            "img":"/img/haryana.png",
            "caste": "sc",
            "eligibility": "10th",
            "state": "haryana",
            "govt": "govt",
            "link":"https://harchhatravratti.highereduhry.ac.in/"
        },
        {
            "idscholar": "29",
            "scholarshipname": "Dr. Ambedkar Medhavi Chattervriti Yojana for SC Students",
            "img":"/img/himachal pradesh.jpeg",
            "caste": "sc",
            "eligibility": "10th and 12th",
            "state": "himachal pradesh",
            "govt": "govt",
            "link":"https://hpepass.cgg.gov.in/NewHomePage.do"
        },
        {
            "idscholar": "30",
            "scholarshipname": "Dr. Ambedkar Medhavi Chattervriti Yojana for OBC Students",
            "img":"/img/himachal pradesh.jpeg",
            "caste": "obc",
            "eligibility": "10th and 12th pass",
            "state": "himachal pradesh",
            "govt": "govt",
            "link":"https://hpepass.cgg.gov.in/NewHomePage.do"
        },
        {
            "idscholar": "31",
            "scholarshipname": "Swami Vivekanand Utkrisht Yojana",
            "img":"/img/himachal pradesh.jpeg",
            "caste": "minorities",
            "eligibility": "10th and 12th",
            "state": "himachal padesh",
            "govt": "govt",
            "link":"https://hpepass.cgg.gov.in/NewHomePage.do"
        },
        {
            "idscholar": "32",
            "scholarshipname": "\tKalpana Chawala Chattervriti Yojana",
            "img":"/img/himachal pradesh.jpeg",
            "caste": "all",
            "eligibility": "12th pass",
            "state": "himachal pradesh",
            "govt": "govt",
            "link":"https://hpepass.cgg.gov.in/NewHomePage.do"
        },
        {
            "idscholar": "33",
            "scholarshipname": "Mukhiya Mantri Protsahan Yojana (One-time Incentive)",
            "img":"/img/himachal pradesh.jpeg",
            "caste": "all",
            "eligibility": "12th pass",
            "state": "himachal pradesh",
            "govt": "govt",
            "link":"https://hpepass.cgg.gov.in/NewHomePage.do"
        },
        {
            "idscholar": "34",
            "scholarshipname": "Sainik School Sujanpur Tihara Scholarship",
            "img":"/img/himachal pradesh.jpeg",
            "caste": "all",
            "eligibility": "6 to 12",
            "state": "himachal pradesh",
            "govt": "govt",
            "link":"https://hpepass.cgg.gov.in/NewHomePage.do"
        },
        {
            "idscholar": "35",
            "scholarshipname": "\tJharkhand State Post Matric Scholarship",
            "img":"/img/jharkhand.jpeg",
            "caste": "all",
            "eligibility": "10th pass",
            "state": "jharkhand",
            "govt": "govt",
            "link":"https://ekalyan.cgg.gov.in/"
        },
        {
            "idscholar": "36",
            "scholarshipname": "BCCL Ke Laal and BCCL Ki Laadli, Jharkhand Scholarship",
            "img":"/img/jharkhand.jpeg",
            "caste": "all",
            "eligibility": "10th pass",
            "state": "jharkhand",
            "govt": "govt",
            "link":"https://ekalyan.cgg.gov.in/"
        },
        {
            "idscholar": "37",
            "scholarshipname": "Combined Counselling Board Scholarship (CCB)",
            "img":"/img/jharkhand.jpeg",
            "caste": "all",
            "eligibility": "12th pass ",
            "state": "jharkhand",
            "govt": "govt",
            "link":"https://ekalyan.cgg.gov.in/"
        },
        {
            "idscholar": "38",
            "scholarshipname": "Post Matric Scholarship For Minorities ",
            "img":"/img/kerala.jpeg",
            "caste": "minorities",
            "eligibility": "12th pass",
            "state": "kerala",
            "govt": "govt",
            "link":"https://www.dcescholarship.kerala.gov.in/dce/he_ma/he_maindx.php"
        },
        {
            "idscholar": "39",
            "scholarshipname": "State Merit Scholarship",
            "img":"/img/kerala.jpeg",
            "caste": "all",
            "eligibility": "12th pass",
            "state": "kerala",
            "govt": "govt",
            "link":"https://www.dcescholarship.kerala.gov.in/dce/he_ma/he_maindx.php"
        },
        {
            "idscholar": "40",
            "scholarshipname": "District Merit Scholarship ",
            "img":"/img/kerala.jpeg",
            "caste": "all",
            "eligibility": "10th pass",
            "state": "kerala",
            "govt": "govt",
            "link":"https://www.dcescholarship.kerala.gov.in/dce/he_ma/he_maindx.php"
        },
        {
            "idscholar": "41",
            "scholarshipname": "gaon ki beti",
            "img":"/img/mp.jpeg",
            "caste": "all",
            "eligibility": "12th pass",
            "state": "madhya pradesh",
            "govt": "govt",
            "link":"http://scholarshipportal.mp.nic.in/Public/OtherSchemes/GB.aspx?ID=MTE"
        },
        {
            "idscholar": "42",
            "scholarshipname": " pratibhakiran yojna",
            "img":"/img/mp.jpeg",
            "caste": "all",
            "eligibility": "12th pass",
            "state": "madhya pradesh",
            "govt": "govt",
            "link":"http://scholarshipportal.mp.nic.in/Public/OtherSchemes/GB.aspx?ID=MTE"
        },
        {
            "idscholar": "43",
            "scholarshipname": " vikram aditya yojna",
            "img":"/img/mp.jpeg",
            "caste": "all",
            "eligibility": "12th pass",
            "state": "madhya pradesh",
            "govt": "govt",
            "link":"http://scholarshipportal.mp.nic.in/Public/OtherSchemes/GB.aspx?ID=MTE"
        },
        {
            "idscholar": "44",
            "scholarshipname": "post matric scholarship sc",
            "img":"/img/mp.jpeg",
            "caste": "sc",
            "eligibility": "12th pass",
            "state": "madhya pradesh",
            "govt": "govt",
            "link":"http://scholarshipportal.mp.nic.in/Public/OtherSchemes/GB.aspx?ID=MTE"
        },
        {
            "idscholar": "45",
            "scholarshipname": "post matric scholarship st",
            "img":"/img/mp.jpeg",
            "caste": "st",
            "eligibility": "12th pass",
            "state": "madhya pradesh",
            "govt": "govt",
            "link":"http://scholarshipportal.mp.nic.in/Public/OtherSchemes/GB.aspx?ID=MTE"
        },
        {
            "idscholar": "46",
            "scholarshipname": "post matric scholarship obc",
            "img":"/img/mp.jpeg",
            "caste": "obc",
            "eligibility": "12th pass",
            "state": "madhya pradesh",
            "govt": "govt",
            "link":"http://scholarshipportal.mp.nic.in/Public/OtherSchemes/GB.aspx?ID=MTE"
        },
    {
            "idscholar": "47",
            "scholarshipname": "Mukhyamantri Medhavi Vidyarthi Yojana (MMVY)",
            "img":"/img/mp.jpeg",
            "caste": "all",
            "eligibility": "12th pass",
            "state": "madhya pradesh",
            "govt": "govt",
            "link":"http://scholarshipportal.mp.nic.in/Public/OtherSchemes/GB.aspx?ID=MTE"
        },
        {
            "idscholar": "48",
            "scholarshipname": "Mukhya Mantri Jan Kalyan Yojana (MMJKY)",
            "img":"/img/mp.jpeg",
            "caste": "all",
            "eligibility": "12th pass ",
            "state": "madhya pradesh",
            "govt": "govt",
            "link":"http://scholarshipportal.mp.nic.in/Public/OtherSchemes/GB.aspx?ID=MTE"
        },
        {
            "idscholar": "49",
            "scholarshipname": "Government Vidyaniketan Scholarship",
            "img":"/img/maharashtra.jpeg",
            "caste": "all",
            "eligibility": "10th pass",
            "state": "maharashtra",
            "govt": "govt",
            "link":"https://mahadbtmahait.gov.in/login/login"
        },
        {
            "idscholar": "50",
            "scholarshipname": "Post-Matric Tuition Fee and Examination Fee (Freeship)",
            "img":"/img/maharashtra.jpeg",
            "caste": "all",
            "eligibility": "12th pass",
            "state": "maharashtra",
            "govt": "govt",
            "link":"https://mahadbtmahait.gov.in/login/login"
        },
        {
            "idscholar": "51",
            "scholarshipname": "Post Matric Scholarship to OBC Students",
            "img":"/img/maharashtra.jpeg",
            "caste": "obc",
            "eligibility": "12th pass",
            "state": "maharashtra",
            "govt": "govt",
            "link":"https://mahadbtmahait.gov.in/login/login"
        },
        {
            "idscholar": "52",
            "scholarshipname": "Pre-Matric Scholarship for ST students",
            "img":"/img/manipur.png",
            "caste": "st",
            "eligibility": "9 and 10",
            "state": "manipur",
            "govt": "govt",
            "link":"http://scholarship.mdmmanipur.in/"
        },
        {
            "idscholar": "53",
            "scholarshipname": "Post Matric Scholarship for ST students-",
            "img":"/img/manipur.png",
            "caste": "st",
            "eligibility": "12th pass",
            "state": "manipur",
            "govt": "govt",
            "link":"http://scholarship.mdmmanipur.in/"
        },
        {
            "idscholar": "54",
            "scholarshipname": "CENTRALLY SPONSORED POST MATRIC SCHOLARSHIP FOR SC STUDENTS",
            "img":"/img/manipur.png",
            "caste": "sc",
            "eligibility": "12th pass",
            "state": "manipur",
            "govt": "govt",
            "link":"http://scholarship.mdmmanipur.in/"
        },
        {
            "idscholar": "55",
            "scholarshipname": "PM-YASASVI POST MATRIC SCHOLARSHIP FOR OBC STUDENTS",
            "img":"/img/manipur.png",
            "caste": "obc",
            "eligibility": "12th pass",
            "state": "manipur",
            "govt": "govt",
            "link":"http://scholarship.mdmmanipur.in/"
        },
        {
            "idscholar": "56",
            "scholarshipname": "CENTRALLY SPONSORED PRE MATRIC SCHOLARSHIP FOR SC STUDENTS ",
            "img":"/img/manipur.png",
            "caste": "sc",
            "eligibility": "9 and 10",
            "state": "manipur",
            "govt": "govt",
            "link":"http://scholarship.mdmmanipur.in/"
        },
        {
            "idscholar": "57",
            "scholarshipname": "PM-YASASVI PRE MATRIC SCHOLARSHIP ",
            "img":"/img/manipur.png",
            "caste": "obc",
            "eligibility": "9 and 10",
            "state": "manipur",
            "govt": "govt",
            "link":"http://scholarship.mdmmanipur.in/"
        },
        {
            "idscholar": "58",
            "scholarshipname": "Pre Matric Scholarship for SC ST OBC Minority",
            "img":"/img/mizoram.jpeg",
            "caste": "all",
            "eligibility": "10th pass",
            "state": "mizoram",
            "govt": "govt",
            "link":"https://scholarships.mizoram.gov.in/"
        },
        {
            "idscholar": "59",
            "scholarshipname": "Post matric scholarship for SC ST OBC Minority",
            "img":"/img/mizoram.jpeg",
            "caste": "all",
            "eligibility": "12th pass",
            "state": "mizoram",
            "govt": "govt",
            "link":"https://scholarships.mizoram.gov.in/"
        },
        {
            "idscholar": "60",
            "scholarshipname": "Rajiv Gandhi National Fellowship for SC ST",
            "img":"/img/mizoram.jpeg",
            "caste": "all",
            "eligibility": "12th pass",
            "state": "mizoram",
            "govt": "govt",
            "link":"https://scholarships.mizoram.gov.in/"
        },
        {
            "idscholar": "61",
            "scholarshipname": "Nagaland State Merit Scholarship",
            "img":"/img/nagaland.png",
            "caste": "all",
            "eligibility": "11 and 12th",
            "state": "nagaland",
            "govt": "govt",
            "link":"https://scholarship.nagaland.gov.in/"
        },
        {
            "idscholar": "62",
            "scholarshipname": "Pre-matric Scholarship for Schedule Tribe Students",
            "img":"/img/nagaland.png",
            "caste": "st",
            "eligibility": "9 and 10",
            "state": "nagaland",
            "govt": "govt",
            "link":"https://scholarship.nagaland.gov.in/"
        },
        {
            "idscholar": "63",
            "scholarshipname": "Post-Matric Scholarship for Schedule Tribe Students,",
            "img":"/img/nagaland.png",
            "caste": "st",
            "eligibility": "12th pass",
            "state": "nagaland",
            "govt": "govt",
            "link":"https://scholarship.nagaland.gov.in/"
        },
        {
            "idscholar": "64",
            "scholarshipname": "Junior Merit Scholarship (Medhabruti)",
            "img":"/img/odisha.png",
            "caste": "all",
            "eligibility": "12th pass",
            "state": "odisha",
            "govt": "govt",
            "link":"https://scholarship.odisha.gov.in/website/home"
        },
        {
            "idscholar": "65",
            "scholarshipname": "Senior Merit Scholarship (Medhabruti)",
            "img":"/img/odisha.png",
            "caste": "all ",
            "eligibility": "12th pass",
            "state": "odisha ",
            "govt": "govt",
            "link":"https://scholarship.odisha.gov.in/website/home"
        },
        {
            "idscholar": "66",
            "scholarshipname": "Post Graduate Merit Scholarship (Medhabruti)",
            "img":"/img/odisha.png",
            "caste": "all ",
            "eligibility": "12th pass",
            "state": "odisha ",
            "govt": "govt",
            "link":"https://scholarship.odisha.gov.in/website/home"
        },
        {
            "idscholar": "67",
            "scholarshipname": "PRERANA- Post-Matric Scholarship for SC",
            "img":"/img/odisha.png",
            "caste": "sc",
            "eligibility": "12th pass",
            "state": "odisha ",
            "govt": "govt",
            "link":"https://scholarship.odisha.gov.in/website/home"
        },
        {
            "idscholar": "68",
            "scholarshipname": "PRERANA- Post-Matric Scholarship for ST",
            "img":"/img/odisha.png",
            "caste": "st",
            "eligibility": "12th pass",
            "state": "odisha ",
            "govt": "govt",
            "link":"https://scholarship.odisha.gov.in/website/home"
        },
        {
            "idscholar": "69",
            "scholarshipname": "PRERANA- Post-Matric Scholarship for OBC/SEBC",
            "img":"/img/odisha.png",
            "caste": "obc",
            "eligibility": "12th pass",
            "state": "odisha ",
            "govt": "govt",
            "link":"https://scholarship.odisha.gov.in/website/home"
        },
        {
            "idscholar": "70",
            "scholarshipname": "Pre Matric Scholarship for Students with Disabilities",
            "img":"/img/odisha.png",
            "caste": "all",
            "eligibility": "12th pass",
            "state": "odisha ",
            "govt": "govt",
            "link":"https://scholarship.odisha.gov.in/website/home"
        },
        {
            "idscholar": "71",
            "scholarshipname": "Post Matric Scholarship for SC Students",
            "img":"/img/punjab.jpeg",
            "caste": "sc",
            "eligibility": "12th pass",
            "state": "punjab",
            "govt": "govt",
            "link":"https://scholarships.punjab.gov.in/"
        },
        {
            "idscholar": "72",
            "scholarshipname": "Post Matric Scholarship for OBC Students",
            "img":"/img/punjab.jpeg",
            "caste": "obc",
            "eligibility": "12th pass",
            "state": "punjab",
            "govt": "govt",
            "link":"https://scholarships.punjab.gov.in/"
        },
        {
            "idscholar": "73",
            "scholarshipname": "Post-Matric Punjab Scholarship for Minority Community",
            "img":"/img/punjab.jpeg",
            "caste": "minorities",
            "eligibility": "12th pass",
            "state": "punjab",
            "govt": "govt",
            "link":"https://scholarships.punjab.gov.in/"
        },
        {
            "idscholar": "74",
            "scholarshipname": "Post-Matric & CM Scholarship,",
            "img":"/img/rajasthan.jpeg",
            "caste": "all",
            "eligibility": "11 and 12th",
            "state": "rajasthan",
            "govt": "govt",
            "link":"https://sje.rajasthan.gov.in/Default.aspx?PageID=346"
        },
        {
            "idscholar": "75",
            "scholarshipname": "Dr. Ambedkar Post Matric Scholarship for EBC Students",
            "img":"/img/rajasthan.jpeg",
            "caste": "all",
            "eligibility": "12th pass",
            "state": "rajasthan",
            "govt": "govt",
            "link":"https://sje.rajasthan.gov.in/Default.aspx?PageID=346"
        },
        {
            "idscholar": "76",
            "scholarshipname": "Ambedkar International Scholarship Scheme for SC Students",
            "img":"/img/rajasthan.jpeg",
            "caste": "sc",
            "eligibility": "12th pass",
            "state": "rajasthan",
            "govt": "govt",
            "link":"https://sje.rajasthan.gov.in/Default.aspx?PageID=346"
        },
        {
            "idscholar": "77",
            "scholarshipname": "CCB Scholarship Scheme",
            "img":"img/sikkim.png",
            "caste": "all",
            "eligibility": "12th pass",
            "state": "sikkim",
            "govt": "govt",
            "link":"https://socialwelfarescholarships.sikkim.gov.in/"
        },
        {
            "idscholar": "78",
            "scholarshipname": "Pre-Matric Scholarship to ST Students",
            "img":"img/sikkim.png",
            "caste": "st",
            "eligibility": "1 to 10",
            "state": "sikkim",
            "govt": "govt",
            "link":"https://socialwelfarescholarships.sikkim.gov.in/"
        },
        {
            "idscholar": "79",
            "scholarshipname": "Post Matric Scholarship for ST Students",
            "img":"img/sikkim.png",
            "caste": "st",
            "eligibility": "12th pass",
            "state": "sikkim ",
            "govt": "govt",
            "link":"https://socialwelfarescholarships.sikkim.gov.in/"
        },
        {
            "idscholar": "80",
            "scholarshipname": "Post Matric Scholarship for SC Students",
            "img":"img/sikkim.png",
            "caste": "sc",
            "eligibility": "12th pass",
            "state": "sikkim",
            "govt": "govt",
            "link":"https://socialwelfarescholarships.sikkim.gov.in/"
        },
        {
            "idscholar": "81",
            "scholarshipname": "Post Matric Scholarship for OBC (Central) Students",
            "img":"img/sikkim.png",
            "caste": "obc",
            "eligibility": "12th pass",
            "state": "sikkim",
            "govt": "govt",
            "link":"https://socialwelfarescholarships.sikkim.gov.in/"
        },
        {
            "idscholar": "82",
            "scholarshipname": "Sikkim General Post Matric Scholarship",
            "img":"img/sikkim.png",
            "caste": "all ",
            "eligibility": "10th pass",
            "state": "sikkim",
            "govt": "govt",
            "link":"https://socialwelfarescholarships.sikkim.gov.in/"
        },
        {
            "idscholar": "83",
            "scholarshipname": "National Talent Search Exam NTSE",
            "img":"img/tamilnadu.png",
            "caste": "all",
            "eligibility": "10th pass",
            "state": "tamilnadu",
            "govt": "govt",
            "link":"http://escholarship.tn.gov.in/"
        },
        {
            "idscholar": "84",
            "scholarshipname": "Vidyadhan Scholarship Program",
            "img":"img/tamilnadu.png",
            "caste": "all",
            "eligibility": "10th pass",
            "state": "tamilnadu",
            "govt": "govt",
            "link":"http://escholarship.tn.gov.in/"
        },
        {
            "idscholar": "85",
            "scholarshipname": "Perarignar Anna Memorial Award",
            "img":"img/tamilnadu.png",
            "caste": "all",
            "eligibility": "12th pass",
            "state": "tamil nadu",
            "govt": "govt",
            "link":"http://escholarship.tn.gov.in/"
        },
        {
            "idscholar": "86",
            "scholarshipname": "Thanthai Periyar Memorial Award",
            "img":"img/tamilnadu.png",
            "caste": "all",
            "eligibility": "10th pass",
            "state": "tamilnadu ",
            "govt": "govt",
            "link":"http://escholarship.tn.gov.in/"
        },
        {
            "idscholar": "87",
            "scholarshipname": "Dr Ambedkar Post Matric Scholarship for EBC (Secondary Education)",
            "img":"/img/tripura.jpeg",
            "caste": "obc",
            "eligibility": "12th pass",
            "state": "tripura",
            "govt": "govt",
            "link":"https://highereducation.tripura.gov.in/content/plan-scholarship"
        },
        {
            "idscholar": "88",
            "scholarshipname": "Post Matric Scholarship for OBC Students",
            "img":"/img/tripura.jpeg",
            "caste": "obc",
            "eligibility": "12th pass",
            "state": "tripura",
            "govt": "govt",
            "link":"https://highereducation.tripura.gov.in/content/plan-scholarship"
        },
        {
            "idscholar": "89",
            "scholarshipname": "Post Matric Scholarships Scheme for SC",
            "img":"/img/tripura.jpeg",
            "caste": "sc",
            "eligibility": "12th pass",
            "state": "tripura",
            "govt": "govt",
            "link":"https://highereducation.tripura.gov.in/content/plan-scholarship"
        },
        {
            "idscholar": "90",
            "scholarshipname": "Post Matric Scholarships Scheme for ST",
            "img":"/img/tripura.jpeg",
            "caste": "st ",
            "eligibility": "12th pass",
            "state": "tripura",
            "govt": "govt",
            "link":"https://highereducation.tripura.gov.in/content/plan-scholarship"
        },
        {
            "idscholar": "91",
            "scholarshipname": "Pre-Matric SC (Class 9 & 10) Scholarship",
            "img":"/img/tripura.jpeg",
            "caste": "sc",
            "eligibility": "9 and 10",
            "state": "tripura",
            "govt": "govt",
            "link":"https://highereducation.tripura.gov.in/content/plan-scholarship"
        },
        {
            "idscholar": "92",
            "scholarshipname": "Pre-Matric Scholarships Scheme for ST",
            "img":"/img/tripura.jpeg",
            "caste": "st",
            "eligibility": "9 and 10",
            "state": "tripura",
            "govt": "govt",
            "link":"https://highereducation.tripura.gov.in/content/plan-scholarship"
        },
        {
            "idscholar": "93",
            "scholarshipname": "Pre-matric Scholarship ",
            "img":"/img/hero1.jpg",
            "caste": "all",
            "eligibility": "9 and 10",
            "state": "uttar pradesh",
            "govt": "govt",
            "link":"https://scholarship.up.gov.in/"
        },
        {
            "idscholar": "94",
            "scholarshipname": "Post matric Intermediate Scholarship For ST/SC/General Category",
            "img":"/img/hero1.jpg",
            "caste": "all",
            "eligibility": "12 th pass",
            "state": "uttar pradesh",
            "govt": "govt",
            "link":"https://scholarship.up.gov.in/"
        },
        {
            "idscholar": "95",
            "scholarshipname": "Post matric Other State Scholarship for ST, SC, General Category",
            "img":"/img/hero1.jpg",
            "caste": "all",
            "eligibility": "12th pass",
            "state": "uttar pradesh",
            "govt": "govt",
            "link":"https://scholarship.up.gov.in/"
        },
        {
            "idscholar": "96",
            "scholarshipname": "Pre-Matric Scholarship for Minorities",
            "img":"/img/hero1.jpg",
            "caste": "all",
            "eligibility": "9 and 10",
            "state": "uttar pradesh",
            "govt": "govt",
            "link":"https://scholarship.up.gov.in/"
        },
        {
            "idscholar": "97",
            "scholarshipname": "Pre-Matric Scholarship for OBC Students",
            "img":"/img/hero1.jpg",
            "caste": "obc",
            "eligibility": "9 and 10",
            "state": "uttar pradesh",
            "govt": "govt",
            "link":"https://scholarship.up.gov.in/"
        }
    ]